Kind;Name;AvgCountLine;AvgCyclomatic;Cyclomatic;CountLine;RatioCommentToCode
File;Axle_Counter.c;6;2;;125;0,21
File;Axle_Counter.h;0;0;;12;0,33
File;Train_Movement.c;10;2;;81;0,59
Function;c1;;;1;1;0
Function;c2;;;1;1;0
Function;c3;;;1;1;0
Function;checkStatus;;;1;4;0
Function;check_status;;;1;7;0
Function;f1;;;1;1;0
Function;f2;;;1;1;0
Function;f3;;;1;1;0
Function;f4;;;1;1;0
Function;first_axle_counter_pushed;;;1;4;0
Function;init_Counter;;;2;10;0
Function;main;;;2;21;0,12
Function;printinfo;;;1;4;0
Function;second_axle_counter_pushed;;;2;8;0
Function;this_is_not_used;;;16;43;0
Function;train_arrives;;;4;11;0,1
Function;train_leaves;;;2;5;0
