Kind;Name;RatioCommentToCode;Cyclomatic;CountLine;CountLineCode;CountDeclMethod;AvgCountLine;AvgCyclomatic
File;Axle_Counter.c;0,32;;46;25;;4;1
File;Axle_Counter.h;0,64;;34;14;;0;0
File;Main.c;0,5;;19;10;;10;1
File;Safe_Print.c;0,46;;25;13;;8;2
File;Safe_Print.h;0,4;;12;2;;0;0
File;Train_Movement.c;0,5;;49;24;;8;3
Function;checkStatus;0,4;2;7;5;;;
Static Function;checkValueLimits;0,43;3;10;7;;;
Function;controlloStato;0;1;6;6;;;
Function;first_axle_counter_pushed;0;1;4;4;;;
Static Function;init_Counter;0;2;4;4;;;
Function;main;0,4;1;10;10;;;
Static Function;printinfo;0;1;4;4;;;
Function;safePrint;0,2;2;6;5;;;
Function;safePrintInt;0,13;2;10;8;;;
Function;second_axle_counter_pushed;0;2;4;4;;;
Function;train_arrives;0,25;3;10;8;;;
Function;train_leaves;0;2;3;3;;;
